{
	"format_version": "1.8.0",
	"animations": {
		"animation.hostile.spawn": {
			"loop": "hold_on_last_frame",
			"animation_length": 4,
			"bones": {
				"root": {
					"rotation": {
						"0.0": [0, 0, 0],
						"0.25": [0, 0, 0],
						"0.5": [15.50409, -14.47751, -3.96713],
						"0.75": [7.56397, -7.43547, -0.98448]
					},
					"position": {
						"0.0": [0, -33, 0],
						"0.25": [0, -23, 0],
						"0.5": [0, -8, 0],
						"0.75": [0, -1, 0],
						"1.0": [0, -3, 0]
					}
				},
				"body": {
					"rotation": {
						"0.0": [0, 0, 0],
						"0.5": [45, 0, 0],
						"1.0": [60, 0, 0]
					},
					"position": {
						"0.0": [0, 0, 0],
						"0.5": [0, -4.5, -6],
						"1.0": [0, -9, -10]
					}
				},
				"head": {
					"rotation": {
						"2.0": [0, 0, 0],
						"2.0417": [-60, 0, 0],
						"3.0": [-60, 0, 0],
						"3.0417": [-54.82326, -29.78401, -19.29534]
					}
				},
				"leftArm": {
					"rotation": {
						"0.0": [0, 0, 0],
						"0.25": [-140, 0, 0],
						"0.5": [-52.5, 0, 0],
						"1.0": [-67.5, 0, 0]
					}
				},
				"rightArm": {
					"rotation": {
						"0.0": [0, 0, 0],
						"0.25": [-140, 0, 0],
						"0.5": [-52.5, 0, 0],
						"1.0": [-77.5, 0, 0]
					}
				},
				"leftLeg": {
					"rotation": {
						"0.0": [0, 0, 0],
						"0.75": [-46.62886, -21.0589, 14.65309],
						"1.0": [-35.31374, -17.38772, 18.2489]
					},
					"position": {
						"0.0": [0, 0, 0],
						"0.75": [2, -1, -1]
					}
				},
				"leftLeg2": {
					"rotation": {
						"0.0": [0, 0, 0],
						"0.75": [0, -25, 0],
						"1.0": [80, -25, 0]
					},
					"position": {
						"0.0": [0, 0, 0],
						"0.75": [2, 0, -4]
					}
				},
				"rightLeg": {
					"rotation": {
						"0.0": [0, 0, 0],
						"0.75": [-37.5, 0, 0],
						"1.0": [-22.5, 0, 0]
					},
					"position": {
						"0.0": [0, 0, 0],
						"0.75": [0, -1, -1]
					}
				},
				"rightLeg2": {
					"rotation": {
						"0.0": [0, 0, 0],
						"1.0": [80, 0, 0]
					},
					"position": {
						"0.0": [0, 0, 0],
						"0.75": [0, 0, -4]
					}
				}
			}
		},
		"animation.hostile.move": {
			"loop": true,
			"animation_length": 1.25,
			"bones": {
				"body": {
					"rotation": {
						"0.0": [0, 0, 0],
						"0.3333": [0, -8, 0],
						"0.4167": [-17.5, -10, 0],
						"0.8333": [-2.92, 6.67, 0],
						"0.9167": [5, 10, 0],
						"1.25": [0, 0, 0]
					}
				},
				"head": {
					"rotation": {
						"0.0": [-12.2127, -2.68507, -12.2127],
						"0.4167": [0.29737, -15.18491, -12.27713],
						"0.9167": [-24.9882, 8.6655, -17.46441],
						"1.25": [-12.2127, -2.68507, -12.2127]
					}
				},
				"leftArm": {
					"rotation": {
						"0.0": [-25, 0, 0],
						"0.4167": [-25, 0, 0],
						"0.9167": [-26.05573, 15.81499, -7.59001],
						"1.25": [-25, 0, 0]
					}
				},
				"rightArm": {
					"rotation": {
						"0.0": [-25, 0, 0],
						"0.4167": [-26.05573, -15.81499, 7.59001],
						"0.9167": [-25, 0, 0]
					},
					"position": {
						"0.0": [0, 0, 0],
						"0.4167": [0, 0, -1],
						"0.9167": [0, 0, 0]
					}
				},
				"rightLeg": {
					"rotation": {
						"0.0": [0, 0, 0],
						"0.25": [-25, 0, 0],
						"0.75": [0, 0, 0]
					},
					"position": {
						"0.0": [0, 0, 0],
						"0.75": [0, 0, 0]
					}
				},
				"rightLeg2": {
					"rotation": {
						"0.0": [0, 0, 0],
						"0.25": [-25, 0, 0],
						"0.4167": [0, 0, 0],
						"0.75": [0, 0, 0]
					},
					"position": {
						"0.0": [0, 0, 0],
						"0.25": [0, 1, -2.8],
						"0.4167": [0, 0, -2.8],
						"0.75": [0, 0, 0]
					}
				},
				"leftLeg": {
					"rotation": {
						"0.0": [0, 0, 0],
						"0.5": [0, 0, 0],
						"0.75": [-25, 0, 0],
						"1.25": [0, 0, 0]
					},
					"position": {
						"0.0": [0, 0, 0],
						"0.5": [0, 0, 0],
						"1.25": [0, 0, 0]
					}
				},
				"leftLeg2": {
					"rotation": {
						"0.0": [0, 0, 0],
						"0.5": [0, 0, 0],
						"0.75": [-25, 0, 0],
						"0.9167": [0, 0, 0],
						"1.25": [0, 0, 0]
					},
					"position": {
						"0.0": [0, 0, 0],
						"0.5": [0, 0, 0],
						"0.75": [0, 1, -2.8],
						"0.9167": [0, 0, -2.8],
						"1.25": [0, 0, 0]
					}
				}
			}
		},
		"animation.hostile.idle": {
			"loop": true,
			"animation_length": 3,
			"bones": {
				"body": {
					"rotation": [0, 0, 0],
					"position": [0, 0, 0]
				},
				"head": {
					"rotation": {
						"0.0": [0, 0, 0],
						"1.5": [-10, 0, 0],
						"1.6": [-10, 0, 0],
						"1.7": {
							"pre": [-10, 0, 0],
							"post": [44.53659, -6.06809, -37.07723]
						},
						"1.8": {
							"pre": [44.53659, -6.06809, -37.07723],
							"post": [-10, 0, 0]
						},
						"1.9": {
							"pre": [-10, 0, 0],
							"post": [-10, 0, 0]
						},
						"3.0": [0, 0, 0]
					}
				},
				"leftArm": {
					"rotation": {
						"0.0": [0, 0, 0],
						"1.5": [-7.5, 0, 0],
						"3.0": [0, 0, 0]
					},
					"position": {
						"0.0": [0, 0, 0],
						"1.5": [0, 1, 0],
						"3.0": [0, 0, 0]
					}
				},
				"rightArm": {
					"rotation": {
						"0.0": [0, 0, 0],
						"1.5": [-7.5, 0, 0],
						"3.0": [0, 0, 0]
					},
					"position": {
						"0.0": [0, 0, 0],
						"1.5": [0, 1, 0],
						"3.0": [0, 0, 0]
					}
				}
			}
		},
		"animation.hostile.attack": {
			"animation_length": 0.25,
			"bones": {
				"body": {
					"rotation": {
						"0.0": [0, 0, 0],
						"0.25": [12.53061, 36.83503, 7.58967]
					},
					"position": [0, 0, 0]
				},
				"head": {
					"rotation": [0, 0, 0],
					"position": [0, 0, 0]
				},
				"leftArm": {
					"rotation": {
						"0.0": [0, 0, 0],
						"0.25": [-77.46939, 36.83503, 7.58967]
					}
				},
				"rightArm": {
					"rotation": [0, 0, 0],
					"position": [0, 0, 0]
				}
			}
		},
		"animation.hostile.die": {
			"loop": "hold_on_last_frame",
			"animation_length": 2,
			"bones": {
				"body": {
					"rotation": {
						"0.0": [0, 0, 0],
						"0.5": [-10, 0, 0]
					},
					"position": [0, 0, 0]
				},
				"head": {
					"rotation": {
						"0.0": [0, 0, 0],
						"0.5": [92.97207, -16.28149, 0.27475],
						"1.1": [92.97207, -16.28149, 0.27475],
						"1.2": {"pre": [92.97207, -16.28149, 0.27475], "post": [5.46588, -15.36711, -17.89569]},
						"1.3": {"pre": [5.46588, -15.36711, -17.89569], "post": [92.97207, -16.28149, 0.27475]}
					},
					"position": [0, 0, 0]
				},
				"leftArm": {
					"rotation": {
						"0.0": [0, 0, 0],
						"0.7": [0, 0, 0],
						"0.9": [-35, 0, 62.5]
					},
					"position": [0, 0, 0]
				},
				"rightArm": {
					"rotation": {
						"0.0": [0, 0, 0],
						"0.7": [0, 0, 0],
						"0.9": [-48.12547, -84.05855, 0.74323]
					},
					"position": [0, 0, 0]
				},
				"root": {
					"rotation": [0, 0, 0],
					"position": {
						"0.0": [0, 0, 0],
						"1.7": [0, 0, 0],
						"2.0": [0, -40, 0]
					}
				}
			},
			"particle_effects": {
				"0.0": {
					"effect": "hostile",
					"locator": "locator "
				}
			}
		}
	}
}